N;author;title;sentence;description
1;Булгаков М. А.;Мастер и Маргарита;Первый из них, одетый в летнюю серенькую пару, был маленького роста, упитан, лыс, свою приличную шляпу пирожком нес в руке, а на хорошо выбритом лице его помещались сверхъестественных размеров очки в черной роговой оправе.;одетый в летнюю серенькую пару|маленького роста|упитан|лыс|шляпу пирожком нес в руке|на хорошо выбритом лице его помещались сверхъестественных размеров очки в черной роговой оправе
2;Булгаков М. А.;Мастер и Маргарита;Второй – плечистый, рыжеватый, вихрастый молодой человек в заломленной на затылок клетчатой кепке – был в ковбойке, жеваных белых брюках и в черных тапочках.;плечистый|рыжеватый|вихрастый молодой человек в заломленной на затылок клетчатой кепке|в ковбойке|жеваных белых брюках и в черных тапочках
3;Булгаков М. А.;Мастер и Маргарита;Первый был не кто иной, как Михаил Александрович Берлиоз, председатель правления одной из крупнейших московских литературных ассоциаций, сокращенно именуемой МАССОЛИТ, и редактор толстого художественного журнала, а молодой спутник его – поэт Иван Николаевич Понырев, пишущий под псевдонимом Бездомный.;молодой
4;Булгаков М. А.;Мастер и Маргарита;Да, следует отметить первую странность этого страшного майского вечера.;[not]
5;Булгаков М. А.;Мастер и Маргарита;Не только у будочки, но и во всей аллее, параллельной Малой Бронной улице, не оказалось ни одного человека.;[not]
6;Булгаков М. А.;Мастер и Маргарита;В тот час, когда уж, кажется, и сил не было дышать, когда солнце, раскалив Москву, в сухом тумане валилось куда-то за Садовое кольцо, – никто не пришел под липы, никто не сел на скамейку, пуста была аллея.;[not]
7;Булгаков М. А.;Мастер и Маргарита;– сиплым голосом осведомился Бездомный.;сиплым голосом
8;Булгаков М. А.;Мастер и Маргарита;– Абрикосовая, только теплая, – сказала женщина.;[not]
9;Булгаков М. А.;Мастер и Маргарита;Абрикосовая дала обильную желтую пену, и в воздухе запахло парикмахерской.;[not]
10;Булгаков М. А.;Мастер и Маргарита;Напившись, литераторы немедленно начали икать, расплатились и уселись на скамейке лицом к пруду и спиной к Бронной.;[not]
11;Булгаков М. А.;Мастер и Маргарита;Он внезапно перестал икать, сердце его стукнуло и на мгновенье куда-то провалилось, потом вернулось, но с тупой иглой, засевшей в нем.;[not]
12;Булгаков М. А.;Мастер и Маргарита;Кроме того, Берлиоза охватил необоснованный, но столь сильный страх, что ему захотелось тотчас же бежать с Патриарших без оглядки.;[not]
13;Булгаков М. А.;Мастер и Маргарита;И тут знойный воздух сгустился перед ним, и соткался из этого воздуха прозрачный гражданин престранного вида.;прозрачный гражданин престранного вида
14;Булгаков М. А.;Мастер и Маргарита;На маленькой головке жокейский картузик, клетчатый кургузый воздушный же пиджачок.;на маленькой головке жокейский картузик|клетчатый кургузый воздушный же пиджачок
15;Булгаков М. А.;Мастер и Маргарита;Гражданин ростом в сажень, но в плечах узок, худ неимоверно, и физиономия, прошу заметить, глумливая.;ростом в сажень|в плечах узок|худ неимоверно|глумливая
16;Булгаков М. А.;Мастер и Маргарита;Так, в первой из них сказано, что человек этот был маленького роста, зубы имел золотые и хромал на правую ногу.;маленького роста|зубы имел золотые и хромал на правую ногу
17;Булгаков М. А.;Мастер и Маргарита;Во второй – что человек был росту громадного, коронки имел платиновые, хромал на левую ногу.;росту громадного|коронки имел платиновые|хромал на левую ногу
18;Булгаков М. А.;Мастер и Маргарита;Третья лаконически сообщает, что особых примет у человека не было.;особых примет у человека не было
19;Булгаков М. А.;Мастер и Маргарита;Раньше всего: ни на какую ногу описываемый не хромал, и росту был не маленького и не громадного, а просто высокого.;ни на какую ногу не хромал|росту был не маленького и не громадного, а просто высокого
20;Булгаков М. А.;Мастер и Маргарита;Он был в дорогом сером костюме, в заграничных, в цвет костюма, туфлях.;в дорогом сером костюме|в заграничных|в цвет костюма|туфлях
21;Булгаков М. А.;Мастер и Маргарита;Серый берет он лихо заломил на ухо, под мышкой нес трость с черным набалдашником в виде головы пуделя.;серый берет он лихо заломил на ухо|под мышкой нес трость с черным набалдашником в виде головы пуделя
22;Булгаков М. А.;Мастер и Маргарита;По виду – лет сорока с лишним.;лет сорока с лишним
23;Булгаков М. А.;Мастер и Маргарита;Рот какой-то кривой.;рот какой-то кривой
24;Булгаков М. А.;Мастер и Маргарита;Правый глаз черный, левый почему-то зеленый.;правый глаз черный|левый почему-то зеленый
25;Булгаков М. А.;Мастер и Маргарита;Брови черные, но одна выше другой.;Брови черные|одна выше другой
26;Булгаков М. А.;Мастер и Маргарита;В белом плаще с кровавым подбоем, шаркающей кавалерийской походкой, ранним утром четырнадцатого числа весеннего месяца нисана в крытую колоннаду между двумя крыльями дворца ирода великого вышел прокуратор Иудеи Понтий Пилат.;в белом плаще с кровавым подбоем|шаркающей кавалерийской походкой
27;Булгаков М. А.;Мастер и Маргарита;Вышел на веранду черноглазый красавец с кинжальной бородой, во фраке и царственным взором окинул свои владения.;черноглазый красавец с кинжальной бородой|во фраке
28;Булгаков М. А.;Мастер и Маргарита;Говорили, говорили мистики, что было время, когда красавец не носил фрака, а был опоясан широким кожаным поясом, из-за которого торчали рукояти пистолетов, а его волосы воронова крыла были повязаны алым шелком, и плыл в Караибском море под его командой бриг под черным гробовым флагом с адамовой головой.;красавец не носил фрака|опоясан широким кожаным поясом|из-за которого торчали рукояти пистолетов|его волосы воронова крыла были повязаны алым шелком
29;Булгаков М. А.;Мастер и Маргарита;Он был бос, в разодранной беловатой толстовке, к коей на груди английской булавкой была приколота бумажная иконка со стершимся изображением неизвестного святого, и в полосатых белых кальсонах.;бос|в разодранной беловатой толстовке|к коей на груди английской булавкой была приколота бумажная иконка со стершимся изображением неизвестного святого|в полосатых белых кальсонах
30;Достоевский Ф. М.;Преступление и наказание;Чувство глубочайшего омерзения мелькнуло на миг в тонких чертах молодого человека.;в тонких чертах молодого человека
31;Достоевский Ф. М.;Преступление и наказание;Кстати, он был замечательно хорош собою, с прекрасными темными глазами, темно-рус, ростом выше среднего, тонок и строен.;он замечательно хорош собою|с прекрасными темными глазами|темно-рус|ростом выше среднего|тонок|строен
32;Достоевский Ф. М.;Преступление и наказание;Это была крошечная, сухая старушонка, лет шестидесяти, с вострыми и злыми глазками, с маленьким вострым носом и простоволосая.;крошечная|сухая старушонка|лет шестидесяти|с вострыми и злыми глазками|с маленьким вострым носом и простоволосая
33;Достоевский Ф. М.;Преступление и наказание;Белобрысые, мало поседевшие волосы ее были жирно смазаны маслом.;белобрысые|мало поседевшие волосы ее были жирно смазаны маслом
34;Достоевский Ф. М.;Преступление и наказание;На ее тонкой и длинной шее, похожей на куриную ногу, было наверчено какое-то фланелевое тряпье, а на плечах, несмотря на жару, болталась вся истрепанная и пожелтелая меховая кацавейка.;на тонкой и длинной шее, похожей на куриную ногу, было наверчено какое-то фланелевое тряпье|на плечах болталась вся истрепанная и пожелтелая меховая кацавейка
35;Достоевский Ф. М.;Преступление и наказание;Хозяин заведения был в другой комнате, но часто входил в главную, спускаясь в нее откуда-то по ступенькам, причем прежде всего выказывались его щегольские смазные сапоги с большими красными отворотами.;щегольские смазные сапоги с большими красными отворотами
36;Достоевский Ф. М.;Преступление и наказание;Он был в поддевке и в страшно засаленном черном атласном жилете, без галстука, а всё лицо его было как будто смазано маслом, точно железный замок.;в поддевке и в страшно засаленном черном атласном жилете|без галстука|всё лицо его было как будто смазано маслом, точно железный замок
37;Достоевский Ф. М.;Преступление и наказание;За застойкой находился мальчишка лет четырнадцати, и был другой мальчишка моложе, который подавал, если что спрашивали.;мальчишка лет четырнадцати|моложе
38;Достоевский Ф. М.;Преступление и наказание;Это был человек лет уже за пятьдесят, среднего роста и плотного сложения, с проседью и с большою лысиной, с отекшим от постоянного пьянства желтым, даже зеленоватым лицом и с припухшими веками, из-за которых сияли крошечные, как щелочки, но одушевленные красноватые глазки.;человек лет уже за пятьдесят|среднего роста|плотного сложения|с проседью|с большою лысиной|с отекшим от постоянного пьянства желтым, даже зеленоватым лицом|с припухшими веками|крошечные, как щелочки, но одушевленные красноватые глазки
39;Достоевский Ф. М.;Преступление и наказание;"Но что-то было в нем очень странное; во взгляде его светилась как будто даже восторженность, - пожалуй, был и смысл и ум, - но в то же время мелькало как будто и безумие.";[not]
40;Достоевский Ф. М.;Преступление и наказание;Одет он был в старый, совершенно оборванный черный фрак, с осыпавшимися пуговицами.;одет он был в старый, совершенно оборванный черный фрак, с осыпавшимися пуговицами
41;Достоевский Ф. М.;Преступление и наказание;Это была ужасно похудевшая женщина, тонкая, довольно высокая и стройная, еще с прекрасными темно-русыми волосами и действительно с раскрасневшимися до пятен щеками.;ужасно похудевшая женщина|тонкая|довольно высокая и стройная|ещё с прекрасными темно-русыми волосами|с раскрасневшимися до пятен щеками
42;Достоевский Ф. М.;Преступление и наказание;Старшая девочка, лет девяти, высокенькая и тоненькая как спичка, в одной худенькой и разодранной всюду рубашке и в накинутом на голые плечи ветхом драдедамовом бурнусике, сшитом ей, вероятно, два года назад, потому что он не доходил теперь и до колен, стояла в углу подле маленького брата, обхватив его шею своею длинною, высохшею как спичка рукой.;старшая девочка|лет девяти|высокенькая|тоненькая|в одной худенькой и разодранной всюду рубашке|в накинутом на голые плечи ветхом драдедамовом бурнусике|длинною, высохшею как спичка рукой
43;Шмелёв И. С.;Мирон и Даша;Рассказывает Мирон без хвастовства и злобы, и как-то не вяжется, что этот мягкий, застенчивый, голубоглазый мужик кого-то мог заколоть.;мягкий|застенчивый|голубоглазый мужик
44;Шмелёв И. С.;Мирон и Даша;Это самый тихий мужик в селе.;самый тихий мужик в селе
45;Шмелёв И. С.;Мирон и Даша;Он очень красив, моложав для тридцати лет, и тихая ласка смотрит из его задумчивых глаз.;очень красив|моложав для тридцати лет|тихая ласка смотрит из его задумчивых глаз
46;Шмелёв И. С.;Мирон и Даша;Они у него голубиного цвета, как часто бывает у светло-русых молодых мужиков.;голубиного цвета|светло-русых молодых мужиков
47;Шмелёв И. С.;Мирон и Даша;Он среднего роста, складный, с мягкой, как пушок, русой бородкой, с пухлыми, добрыми губами.;среднего роста|складный|с мягкой, как пушок|русой бородкой|с пухлыми, добрыми губами
48;Шмелёв И. С.;Мирон и Даша;Да и весь он мягкий и ласковый.;мягкий и ласковый
49;Шмелёв И. С.;Мирон и Даша;Такие, как он, застенчивы, не любят ругаться, не задираются, когда выпьют, а ласково таращат телячьи глаза и мямлят, а когда приходят домой, скрытно пробираются в уголок – проспаться.;застенчивы|ласково таращат телячьи глаза
50;Шмелёв И. С.;Мирон и Даша;У него жена Даша, первая красавица в округе, под стать ему, – светло-русая, с тонкими чертами лица, синеглазая, ласковая славянка.;первая красавица в округе|светло-русая|с тонкими чертами лица|синеглазая|ласковая славянка
51;Шмелёв И. С.;Мирон и Даша;Когда она стоит в церкви, в белом платочке, ясная, тихая и какая-то особенно чистая, и смотрит к иконостасу, – с нее можно писать русскую Деву Марию.;в белом платочке|ясная|тихая|особенно чистая
52;Шмелёв И. С.;Мирон и Даша;С нее хотел рисовать «картинку» студент из усадьбы, давал деньги, но она отказалась: муж на войне, грешно.;[not]
53;Шмелёв И. С.;Мирон и Даша;Приехал с войны Мирон, а она опять отказалась: некогда, муж приехал.;[not]
54;Шмелёв И. С.;Мирон и Даша;На ней голубенькое платье и белый платочек.;голубенькое платье|белый платочек
55;Шмелёв И. С.;Мирон и Даша;Она несет годовалую Танюшку, которую называет – «ясная ты моя», а Мирон, прибранный и тоже весь ясный, ведет за руку трехлетнего Ваню, в башмачках на пуговках, с голыми ножками, как водит своих внучат барыня из усадьбы, – в плисовой курточке с кружевцами и в красной жокейской кепке.;годовалую Танюшку|трехлетнего Ваню|в башмачках на пуговках|с голыми ножками|в плисовой курточке с кружевцами|в красной жокейской кепке
56;Василий Песков;Полное собрание сочинений. Том 6. У Лукоморья;Тридцать два года назад столь короткий срок ошеломил всех, кто сколько-нибудь смыслил в такого рода делах.;[not]
57;Наполеон Хилл;Механизмы работы мозга, которые делают нас богатыми. Понять, освоить, применить!;Прошло время, и спустя двадцать пять лет уже другой доктор с улыбкой вылетел из своей лаборатории с рентгеновским снимком в руках.;[not]
58;М.Ю. Лермонтов;Герой нашего времени;"Он был среднего роста; стройный, тонкий стан его и широкие плечи доказывали крепкое сложение, способное переносить все трудности кочевой жизни и перемены климатов, не побежденное ни развратом столичной жизни, ни бурями душевными; пыльный бархатный сюртучок его, застегнутый только на две нижние пуговицы, позволял разглядеть ослепительно чистое белье, изобличавшее привычки порядочного человека; его  запачканные перчатки казались нарочно сшитыми по его маленькой  аристократической  руке, и когда он снял одну перчатку, то я был удивлен худобой его бледных пальцев.";среднего роста|стройный|тонкий стан|широкие плечи|крепкое сложение|пыльный бархатный сюртучок|застегнутый только на две нижние пуговицы|ослепительно чистое белье|запачканные перчатки|маленькой  аристократической  руке|худобой его бледных пальцев
59;М.Ю. Лермонтов;Герой нашего времени;Его походка была небрежна и ленива, но я заметил, что он не размахивал руками, - верный признак некоторой скрытности характера.;походка была небрежна и ленива|не размахивал руками|признак некоторой скрытности характера
60;М.Ю. Лермонтов;Герой нашего времени;С первого взгляда на лицо его я бы не дал ему более двадцати трех лет, хотя после я готов был дать ему тридцать.;двадцати трех лет|тридцать
61;М.Ю. Лермонтов;Герой нашего времени;В его улыбке было что-то детское.;в его улыбке было что-то детское
62;М.Ю. Лермонтов;Герой нашего времени;"Его кожа имела какую-то женскую нежность; белокурые волосы, вьющиеся от природы, так живописно обрисовывали его бледный, благородный лоб, на котором, только по долгом наблюдении, можно было заметить следы морщин, пересекавших одна другую и, вероятно, обозначавшихся гораздо явственнее в минуты гнева или душевного беспокойства. ";кожа имела какую-то женскую нежность|белокурые волосы|вьющиеся от природы|бледный|благородный лоб|следы морщин|пересекавших одна другую
63;М.Ю. Лермонтов;Герой нашего времени;Несмотря на светлый цвет его волос, усы его и брови были черные -  признак породы в человеке, так, как черная грива и черный хвост у белой лошади.;светлый цвет его волос|усы его и брови были черные
64;М.Ю. Лермонтов;Герой нашего времени;"Чтоб докончить портрет, я скажу, что у него был немного вздернутый нос, зубы ослепительной белизны и карие глаза; о глазах я должен сказать еще несколько слов.";немного вздернутый нос|зубы ослепительной белизны|карие глаза
65;М.Ю. Лермонтов;Герой нашего времени;И точно, она была хороша: высокая, тоненькая, глаза черные, как у горной серны, так и заглядывали нам в душу.;хороша|высокая|тоненькая|глаза черные
66;М.Ю. Лермонтов;Герой нашего времени;Наконец из сеней выполз мальчик лет четырнадцати.;мальчик лет четырнадцати
67;М.Ю. Лермонтов;Герой нашего времени;Я поднял глаза: на крыше хаты моей стояла девушка в полосатом платье с распущенными косами, настоящая русалка.;в полосатом платье|с распущенными косами
68;М.Ю. Лермонтов;Герой нашего времени;Моей певунье казалось не более восемнадцати лет. ;не более восемнадцати лет
69;М.Ю. Лермонтов;Герой нашего времени;Необыкновенная гибкость ее стана, особенное, ей только свойственное наклонение головы, длинные русые волосы, какой-то золотистый отлив ее слегка загорелой кожи на шее и плечах и особенно правильный нос — все это было для меня обворожительно.;необыкновенная гибкость ее стана|особенное, ей только свойственное наклонение головы|длинные русые волосы|какой-то золотистый отлив ее слегка загорелой кожи на шее и плечах|особенно правильный нос
70;М.Ю. Лермонтов;Герой нашего времени;"Она дожидалась меня на краю спуска; ее одежда была более нежели легкая, небольшой платок опоясывал ее гибкий стан.";одежда была более нежели легкая|небольшой платок опоясывал ее гибкий стан
71;М.Ю. Лермонтов;Герой нашего времени;Они франты: опуская свой оплетенный стакан в колодец кислосерной воды, они принимают академические позы: штатские носят светло-голубые галстуки, военные выпускают из-за воротника брыжи.;франты|штатские носят светло-голубые галстуки|военные выпускают из-за воротника брыжи
72;М.Ю. Лермонтов;Герой нашего времени;Он только год в службе, носит, по особенному роду франтовства, толстую солдатскую шинель.;толстую солдатскую шинель
73;М.Ю. Лермонтов;Герой нашего времени;У него георгиевский солдатский крестик.;георгиевский солдатский крестик
74;М.Ю. Лермонтов;Герой нашего времени;"Он хорошо сложен, смугл и черноволос; ему на вид можно дать двадцать пять лет, хотя ему едва ли двадцать один год. ";хорошо сложен|смугл и черноволос|на вид двадцать пять лет|двадцать один год
75;М.Ю. Лермонтов;Герой нашего времени;Оттого-то он так гордо носит свою толстую солдатскую шинель.;гордо носит свою толстую солдатскую шинель
76;М.Ю. Лермонтов;Герой нашего времени;В эту минуту прошли к колодцу мимо нас две дамы: одна пожилая, другая молоденькая, стройная.;пожилая|молоденькая|стройная
77;М.Ю. Лермонтов;Герой нашего времени;Их лиц за шляпками я не разглядел, но они одеты были по строгим правилам лучшего вкуса: ничего лишнего!;шляпками|одеты были по строгим правилам лучшего вкуса
78;М.Ю. Лермонтов;Герой нашего времени;На второй было закрытое платье, легкая шелковая косынка вилась вокруг ее гибкой шеи.;закрытое платье|легкая шелковая косынка вилась вокруг ее гибкой шеи
79;М.Ю. Лермонтов;Герой нашего времени;Ботинки стягивали у щиколотки ее сухощавую ножку так мило, что даже не посвященный в таинства красоты непременно бы ахнул, хотя от удивления.;Ботинки стягивали у щиколотки ее сухощавую ножку так мило
80;М.Ю. Лермонтов;Герой нашего времени;Он игрок: это видно тотчас по золотой огромной цепи, которая извивается по его голубому жилету.;золотой огромной цепи|голубому жилету
81;М.Ю. Лермонтов;Герой нашего времени;— Эта княжна Мери прехорошенькая, — сказал я ему.;прехорошенькая
82;М.Ю. Лермонтов;Герой нашего времени;"У нее такие бархатные глаза — именно бархатные: я тебе советую присвоить это выражение, говоря об ее глазах; нижние и верхние ресницы так длинны, что лучи солнца не отражаются в ее зрачках.";бархатные глаза|нижние и верхние ресницы так длинны
83;М.Ю. Лермонтов;Герой нашего времени;Я люблю эти глаза без блеска: они так мягки, они будто бы тебя гладят.;люблю эти глаза без блеска|мягки
84;М.Ю. Лермонтов;Герой нашего времени;"Вернер был мал ростом, и худ, и слаб, как ребенок; одна нога была у него короче другой, как у Байрона; в сравнении с туловищем голова его казалась огромна: он стриг волосы под гребенку, и неровности его черепа, обнаруженные таким образом, поразили бы френолога странным сплетением противоположных наклонностей.";мал ростом|худ|слаб|одна нога была у него короче другой|в сравнении с туловищем голова его казалась огромна|волосы под гребенку|неровности его черепа
85;М.Ю. Лермонтов;Герой нашего времени;Его маленькие черные глаза, всегда беспокойные, старались проникнуть в ваши мысли.;маленькие черные глаза
86;М.Ю. Лермонтов;Герой нашего времени;"В его одежде заметны были вкус и опрятность; его худощавые, жилистые и маленькие руки красовались в светло-желтых перчатках.";худощавые, жилистые и маленькие руки|в светло-желтых перчатках
87;М.Ю. Лермонтов;Герой нашего времени;Его сюртук, галстук и жилет были постоянно черного цвета.;сюртук|галстук и жилет были постоянно черного цвета
88;М.Ю. Лермонтов;Герой нашего времени;Высокий рост и смуглый цвет лица, черные волосы, черные проницательные глаза, большой, но правильный нос, принадлежность его нации, печальная и холодная улыбка, вечно блуждавшая на губах его, — все это будто согласовалось для того, чтоб придать ему вид существа особенного, не способного делиться мыслями и страстями с теми, которых судьба дала ему в товарищи.;высокий рост|смуглый цвет лица|черные волосы|черные проницательные глаза|большой|правильный нос|печальная и холодная улыбка|холодная улыбка|вид существа особенного
89;М.Ю. Лермонтов;Герой нашего времени;"Говорили, однако, что жена полковника была неравнодушна к его выразительным глазам; но он не шутя сердился, когда об этом намекали.";к его выразительным глазам
90;А. С. Пушкин;Капитанская дочка;Хозяин, родом яицкий казак, казался мужик лет шестидесяти, еще свежий и бодрый.;мужик лет шестидесяти|еще свежий и бодрый
91;А. С. Пушкин;Капитанская дочка;Я взглянул на полати и увидел черную бороду и два сверкающие глаза.;черную бороду|два сверкающие глаза
92;А. С. Пушкин;Капитанская дочка;Наружность его показалась мне замечательна: он был лет сорока, росту среднего, худощав и широкоплеч.;лет сорока|росту среднего|худощав и широкоплеч
93;А. С. Пушкин;Капитанская дочка;"В черной бороде его показывалась проседь; живые большие глаза так и бегали.";в черной бороде|в черной бороде показывалась проседь|живые большие глаза
94;А. С. Пушкин;Капитанская дочка;Лицо его имело выражение довольно приятное, но плутовское.;лицо его имело выражение довольно приятное, но плутовское
95;А. С. Пушкин;Капитанская дочка;"Волоса были обстрижены в кружок; на нем был оборванный армяк и татарские шаровары.";волоса были обстрижены в кружок|оборванный армяк|татарские шаровары
96;А. С. Пушкин;Капитанская дочка;Я увидел мужчину росту высокого, но уже сгорбленного старостию.;росту высокого|сгорбленного старостию
97;А. С. Пушкин;Капитанская дочка;Длинные волосы его были совсем белы.;длинные волосы|волосы совсем белы
98;А. С. Пушкин;Капитанская дочка;Старый полинялый мундир напоминал воина времен Анны Иоанновны, а в его речи сильно отзывался немецкий выговор.;старый полинялый мундир|немецкий выговор
99;А. С. Пушкин;Капитанская дочка;На другой день поутру я только что стал одеваться, как дверь отворилась, и ко мне вошел молодой офицер невысокого роста, с лицом смуглым и отменно некрасивым, но чрезвычайно живым.;молодой офицер невысокого роста|с лицом смуглым|с лицом смуглым и отменно некрасивым, но чрезвычайно живым
100;А. С. Пушкин;Капитанская дочка;Впереди стоял комендант, старик бодрый и высокого росту, в колпаке и в китайчатом халате.;бодрый и высокого росту|в колпаке|в китайчатом халате
101;А. С. Пушкин;Капитанская дочка;Тут вошла девушка лет осьмнадцати, круглолицая, румяная, с светло-русыми волосами, гладко зачесанными за уши, которые у ней так и горели.;девушка лет осьмнадцати|круглолицая|румяная|с светло-русыми волосами|уши горели
102;А. И. Куприн;Чудесный доктор;Потом Мерцалов мало-помалу мог разглядеть старика небольшого роста, в теплой шапке, меховом пальто и высоких калошах.;старика небольшого роста|в теплой шапке|меховом пальто|высоких калошах
103;А. И. Куприн;Чудесный доктор;Он был в летнем пальто, летней войлочной шляпе и без калош.;в летнем пальто|летней войлочной шляпе|без калош
104;А. И. Куприн;Чудесный доктор;Высокая, худая женщина, с изможденным, усталым, точно почерневшим от горя лицом, стояла на коленях около больной девочки, поправляя ей подушку и в то же время не забывая подталкивать локтем качающуюся колыбель.;Высокая|худая женщина|с изможденным|усталым|точно почерневшим от горя лицом
105;А. И. Куприн;Чудесный доктор;Голос у него был мягкий, ласковый, старческий.;Голос мягкий|ласковый|старческий
106;Булгаков М. А.;Собачье сердце;Он умственного труда господин, с культурной остроконечной бородкой и усами седыми, пушистыми и лихими, как у французских рыцарей, но запах по метели от него летит скверный, больницей.;с культурной остроконечной бородкой и усами седыми, пушистыми и лихими, как у французских рыцарей|запах по метели от него летит скверный, больницей
107;Булгаков М. А.;Собачье сердце;Загадочный господин наклонился ко псу, сверкнул золотыми ободками глаз и вытащил из правого кармана белый продолговатый сверток. ;золотыми ободками глаз
108;Булгаков М. А.;Собачье сердце;Не снимая коричневых перчаток, размотал бумагу, которой тотчас овладела метель, и отломил кусок колбасы, называемой «Особенная краковская».;коричневых перчаток
109;Булгаков М. А.;Собачье сердце;За розовым стеклом вспыхнул неожиданный и радостный свет, еще больше оттенив черную карточку. ;[not]
110;Булгаков М. А.;Собачье сердце;Дверь совершенно бесшумно распахнулась, и молодая красивая женщина в белом фартучке и кружевной наколке предстала перед псом и господином. ;молодая красивая женщина в белом фартучке и кружевной наколке
111;Булгаков М. А.;Собачье сердце;Первого из них обдало божественным теплом, и юбка женщины запахла, как ландыш.;юбка
112;Булгаков М. А.;Собачье сердце;По снятии шубы он оказался в черном костюме английского сукна, и на животе у него радостно и неярко засверкала золотая цепь.;По снятии шубы он оказался в черном костюме английского сукна|на животе у него радостно и неярко засверкала золотая цепь
113;Булгаков М. А.;Собачье сердце;Филипп Филиппович бросил окурок папиросы в ведро, застегнул халат, перед зеркальцем на стене расправил пушистые усы и окликнул пса.;халат|пушистые усы
114;Булгаков М. А.;Собачье сердце;Тотчас бесшумно исчез, а Филипп Филиппович, распростерши полы халата, сел за громадный письменный стол и сразу сделался необыкновенно важным и представительным.;полы халата
115;Булгаков М. А.;Собачье сердце;На голове у фрукта росли совершенно зеленые волосы, а на затылке они отливали в ржавый табачный цвет.;На голове у фрукта росли совершенно зеленые волосы, а на затылке они отливали в ржавый табачный цвет
116;Булгаков М. А.;Собачье сердце;Морщины расползались на лице у фрукта, но цвет лица был розовый, как у младенца.;Морщины расползались на лице у фрукта|цвет лица был розовый, как у младенца
117;Булгаков М. А.;Собачье сердце;Левая нога не сгибалась, ее приходилось волочить по ковру, зато правая прыгала, как у детского щелкуна.;Левая нога не сгибалась|правая прыгала
118;Булгаков М. А.;Собачье сердце;На борту великолепнейшего пиджака, как глаз, торчал драгоценный камень.;На борту великолепнейшего пиджака, как глаз, торчал драгоценный камень
119;Булгаков М. А.;Собачье сердце;Тот совладал наконец с пуговицами и снял полосатые брюки. ;полосатые брюки
120;Булгаков М. А.;Собачье сердце;Наклоняясь, он блестящими глазками исследовал голый живот пациента.;блестящими глазками|голый живот
121;Булгаков М. А.;Собачье сердце;Он исчез и сменился шуршащей дамой в лихо заломленной на бок шляпе и со сверкающим колье на вялой и жеваной шее. ;шуршащей дамой|в лихо заломленной на бок шляпе|со сверкающим колье на вялой и жеваной шее
122;Булгаков М. А.;Собачье сердце;Страшные черные мешки сидели у нее под глазами, а щеки были кукольно-румяного цвета.;Страшные черные мешки сидели у нее под глазами|щеки кукольно-румяного цвета
123;Булгаков М. А.;Собачье сердце;Дама испугалась и даже побледнела под коркой румян.;побледнела под коркой румян
124;Булгаков М. А.;Собачье сердце;Опять загремела вода, колыхнулась шляпа с перьями, потом появилась какая-то лысая, как тарелка, голова и обняла Филиппа Филипповича.;шляпа с перьями|лысая, как тарелка, голова
125;Булгаков М. А.;Собачье сердце;Окончательно пес очнулся вечером, когда звоночки прекратились, и как раз в то мгновение, когда дверь пропустила особенных посетителей. ;[not]
126;Булгаков М. А.;Собачье сердце;Все молодые люди, и все одеты очень скромно.;молодые люди|одеты очень скромно
127;Булгаков М. А.;Собачье сердце;Ноздри его ястребиного носа раздувались.;ястребиного носа
128;Булгаков М. А.;Собачье сердце;С Филиппом Филипповичем что-то сделалось, вследствие чего его лицо нежно побагровело, но он не произнес ни одного звука, выжидая что будет дальше.;лицо нежно побагровело
129;Булгаков М. А.;Собачье сердце;Красавец-тяпнутый – он был уже без халата, в приличном черном костюме – передернул широкими плечами, вежливо ухмыльнулся и налил прозрачной.;уже без халата|в приличном черном костюме|передернул широкими плечами|вежливо ухмыльнулся
130;Булгаков М. А.;Собачье сердце;Глаза Филиппа Филипповича засветились.;Глаза засветились
131;Булгаков М. А.;Собачье сердце;У Зины мгновенно стали такие же мерзкие глаза, как у тяпнутого. ;мерзкие глаза
132;Булгаков М. А.;Собачье сердце;Филипп Филиппович, опершись ладонями на край стола, блестящими, как золотые обода его очков, глазками наблюдал за этой процедурой и говорил взволнованно.;блестящими глазками|золотые обода его очков
133;Булгаков М. А.;Собачье сердце;Филипп Филиппович сидел у стола в кресле.;[not]
134;Булгаков М. А.;Собачье сердце;У портьеры, прислонившись к притолоке, стоял, заложив ногу за ногу, человек маленького роста и несимпатичной наружности.;стоял, заложив ногу за ногу|человек маленького роста и несимпатичной наружности
135;Булгаков М. А.;Собачье сердце;Волосы у него на голове росли жесткие, как бы кустами на выкорчеванном поле, а на лице луговой небритый пух.;Волосы у него на голове росли жесткие|на лице луговой небритый пух
136;Булгаков М. А.;Собачье сердце;Лоб поpажал своею малой вышиной.;Лоб поpажал своею малой вышиной
137;Булгаков М. А.;Собачье сердце;Почти непосредственно над черными кисточками раскиданных бровей начиналась густая головная щетка.;Почти непосредственно над черными кисточками раскиданных бровей начиналась густая головная щетка
138;Булгаков М. А.;Собачье сердце;Пиджак, прорванный под левой мышкой, был усеян соломой, полосатые брючки на правой коленке продраны, а на левой выпачканы лиловой краской. ;Пиджак, прорванный под левой мышкой, был усеян соломой|полосатые брючки на правой коленке продраны|на левой выпачканы лиловой краской. 
139;Булгаков М. А.;Собачье сердце;На шее у человека был повязан ядовито-небесного цвета галстух с фальшивой рубиновой булавкой.;На шее у человека был повязан ядовито-небесного цвета галстух с фальшивой рубиновой булавкой
140;Булгаков М. А.;Собачье сердце;Цвет этого галстуха был настолько бросок, что время от времени, закрывая утомленные глаза, Филипп Филиппович в полной тьме то на потолке, то на стене видел пылающий факел с голубым венцом.;Цвет этого галстуха был настолько бросок
141;Булгаков М. А.;Собачье сердце;Открывая их, слеп вновь, так как с полу, разбрызгивая веера света, швырялись в глаза лаковые штиблеты с белыми гетрами.;лаковые штиблеты с белыми гетрами
142;Булгаков М. А.;Собачье сердце;Человек у двери мутноватыми глазами поглядывал на профессора и курил папиросу, посыпая манишку пеплом.;мутноватыми глазами
143;Булгаков М. А.;Собачье сердце;Голос у него был необыкновенный, глуховатый и в то же время гулкий, как в маленькой бочонок.;Голос у него был необыкновенный, глуховатый и в то же время гулкий, как в маленькой бочонок
144;Булгаков М. А.;Собачье сердце;Человечек, глазами следуя пальцу, скосил их через оттопыренную губу, и любовно поглядел на галстух.;оттопыренную губу
145;Булгаков М. А.;Собачье сердце;Походка у него была развалистая.;Походка у него была развалистая
146;Булгаков М. А.;Собачье сердце;Руки он при этом, опустив кисти, развесил вдоль лацканов пиджачка.;Руки он при этом, опустив кисти, развесил вдоль лацканов пиджачка
147;Булгаков М. А.;Собачье сердце;В кабинете перед столом стоял председатель домкома Швондер в кожаной тужурке. ;в кожаной тужурке
148;Булгаков М. А.;Собачье сердце;Доктор Борменталь сидел в кресле.;[not]
149;Булгаков М. А.;Собачье сердце;При этом на румяных от мороза щеках доктора (он только что вернулся) было столь же растерянное выражение, как и у Филиппа Филипповича.;на румяных от мороза щеках доктора было столь же растерянное выражение
150;Булгаков М. А.;Собачье сердце;Поперек лба тянулся очень свежий операционный шрам.;Поперек лба тянулся очень свежий операционный шрам
151;Булгаков М. А.;Собачье сердце;Распаренная Дарья Петровна с искаженным лицом появилась на пороге кухни. ;с искаженным лицом
152;Булгаков М. А.;Собачье сердце;Щель расширилась, и кот сменился старушечьей физиономией в платке. ;старушечьей физиономией в платке
153;Булгаков М. А.;Собачье сердце;Юбка старухи, усеянная белым горохом, оказалась в кухне.;Юбка старухи, усеянная белым горохом
154;Булгаков М. А.;Собачье сердце;Зина и Дарья Петровна в подоткнутых до колен юбках, с голыми ногами, и Шариков со швейцаром, босые, с закатанными штанами, шваркали мокрыми тряпками по полу кухни и отжимали их в грязные ведра и раковину.;в подоткнутых до колен юбках|с голыми ногами|босые|с закатанными штанами
155;Булгаков М. А.;Собачье сердце;Из коридора со скрежетом выехала скамеечка, и на ней вытянулся, балансируя, Филипп Филиппович в синих с полосками носках.;в синих с полосками носках
156;Шарлотта Бронте;Джен Эйр;Джону Риду исполнилось четырнадцать лет, он был четырьмя годами старше меня, так как мне едва минуло десять.;Джону Риду исполнилось четырнадцать лет|четырьмя годами старше меня
157;Шарлотта Бронте;Джен Эйр;Это был необычайно рослый для своих лет увалень с прыщеватой кожей и нездоровым цветом лица.;необычайно рослый для своих лет увалень с прыщеватой кожей|нездоровым цветом лица
158;Шарлотта Бронте;Джен Эйр;Поражали его крупные нескладные черты и большие ноги и руки.;крупные нескладные черты|большие ноги и руки
159;Шарлотта Бронте;Джен Эйр;За столом он постоянно объедался, и от этого у него был мутный, бессмысленный взгляд и дряблые щеки.;мутный, бессмысленный взгляд|дряблые щеки
160;Шарлотта Бронте;Джен Эйр;Такие длинные кудри и голубые глаза, такой прелестный румянец - будто накрасилась.;длинные кудри|голубые глаза|такой прелестный румянец
161;Шарлотта Бронте;Джен Эйр;Фигуру его трудно было рассмотреть, но он казался среднего роста и широкоплеч. ;казался среднего роста и широкоплеч
162;Шарлотта Бронте;Джен Эйр;Лицо смуглое, черты суровые, лоб массивный. ;Лицо смуглое|черты суровые|лоб массивный
163;Шарлотта Бронте;Джен Эйр;Глаза, под пушистыми сросшимися бровями горели гневным упрямством, - ему могло быть около 35 лет.;Глаза, под пушистыми сросшимися бровями горели гневным упрямством|ему могло быть около 35 лет.
164;Шарлотта Бронте;Джен Эйр;Не отличаясь ни высоким ростом, ни изяществом, он все же был сложен превосходно, ибо при широких плечах и груди имел стройный стан.;Не отличаясь ни высоким ростом, ни изяществом|был сложен превосходно|при широких плечах и груди имел стройный стан
165;Шарлотта Бронте;Джен Эйр;Миссис Рид по временам окидывала меня суровым взглядом, но лишь изредка обращалась ко мне.;суровым взглядом
166;Шарлотта Бронте;Джен Эйр;"Папочка, какие все девочки в Ловуде простые и смирные - волосы зачесаны за уши, фартуки длинные-предлинные; а эти холщовые сумки поверх платья.";все девочки в Ловуде простые и смирные|волосы зачесаны за уши|фартуки длинные-предлинные|холщовые сумки поверх платья
167;Шарлотта Бронте;Джен Эйр;Ей могло быть тогда лет тридцать шесть, тридцать семь.;лет тридцать шесть, тридцать семь
168;Шарлотта Бронте;Джен Эйр;"Это была женщина крепкого сложения, с крутыми плечами и широкой костью, невысокая, полная, но не расплывшаяся: у нее было крупное лицо с тяжелой и сильно развитой нижней челюстью; лоб низкий, подбородок массивный и выступающий вперед, рот и нос довольно правильные; под светлыми бровями поблескивали глаза, в которых не отражалось сердечной доброты. ";женщина крепкого сложения|с крутыми плечами и широкой костью|невысокая|полная, но не расплывшаяся|крупное лицо с тяжелой и сильно развитой нижней челюстью|лоб низкий|подбородок массивный и выступающий вперед|рот и нос довольно правильные|под светлыми бровями поблескивали глаза, в которых не отражалось сердечной доброты. 
169;Шарлотта Бронте;Джен Эйр;"Кожа у нее была смуглая и матовая; волосы почти льняные; сложение прочное и здоровье отличное, - она не ведала, что такое хворь. ";Кожа у нее была смуглая и матовая|волосы почти льняные|сложение прочное и здоровье отличное
170;Шарлотта Бронте;Джен Эйр;Она одевалась со вкусом и умела носить красивые туалеты с достоинством.;Она одевалась со вкусом и умела носить красивые туалеты с достоинством
171;Шарлотта Бронте;Джен Эйр;"Первой из вошедших была стройная дама, черноглазая, черноволосая, с высоким белым лбом; она куталась в большой платок и держалась строго и прямо.";стройная дама|черноглазая|черноволосая|с высоким белым лбом|куталась в большой платок и держалась строго и прямо
172;Шарлотта Бронте;Джен Эйр;"Даме, с которой я рассталась, могло быть около тридцати лет; та, которая шла теперь рядом со мной, казалась на несколько лет моложе. ";могло быть около тридцати лет|казалась на несколько лет моложе
173;Шарлотта Бронте;Джен Эйр;"Мисс Миллер выглядела заурядной; на лице ее с румянцем во всю щеку лежал отпечаток тревог и забот, а в походке и движениях была та торопливость, какая бывает у людей, поглощенных разнообразными и неотложными делами.";Мисс Миллер выглядела заурядной|на лице ее с румянцем во всю щеку лежал отпечаток тревог и забот|в походке и движениях была та торопливость, какая бывает у людей, поглощенных разнообразными и неотложными делами.
174;Шарлотта Бронте;Джен Эйр;"На скамьях, тянувшихся по обеим сторонам комнаты, восемьдесят девочек сидели неподвижно, выпрямившись; странное это было зрелище: все с зачесанными назад, прилизанными волосами, ни одного завитка; все в коричневых платьях с глухим высоким воротом, обшитым узеньким рюшем, с маленькими холщовыми сумками (напоминающими сумки шотландских горцев), висящими на боку и предназначенными для того, чтобы держать в них рукоделие; в дополнение ко всему этому - шерстяные чулки и грубые башмаки с жестяными пряжками. ";все с зачесанными назад, прилизанными волосами, ни одного завитка|все в коричневых платьях с глухим высоким воротом, обшитым узеньким рюшем|с маленькими холщовыми сумками, висящими на боку и предназначенными для того, чтобы держать в них рукоделие|шерстяные чулки|грубые башмаки с жестяными пряжками
175;Шарлотта Бронте;Джен Эйр;"Теперь, при ярком дневном свете, я увидела, что она высока, стройна и красива; карие глаза с тонкой каймою длинных ресниц, полные ясности и благожелательности, оттеняли белизну высокого крутого лба; тогда не были в моде ни гладкие бандо, ни длинные локоны, и ее очень темные волосы лежали на висках крупными завитками; платье, тоже по моде того времени, было суконное лиловое, с отделкой из черного бархата.";высока|стройна и красива|карие глаза с тонкой каймою длинных ресниц, полные ясности и благожелательности, оттеняли белизну высокого крутого лба| очень темные волосы лежали на висках крупными завитками|платье, тоже по моде того времени, было суконное лиловое, с отделкой из черного бархата
176;Шарлотта Бронте;Джен Эйр;На поясе висели золотые часы. ;На поясе висели золотые часы
177;Шарлотта Бронте;Джен Эйр;Пусть читатель прибавит к этому тонкие благородные черты, мраморную бледность, статную фигуру и движения, полные достоинства, и вы получите, насколько его можно передать словами, точный портрет мисс Темпль - Марии Темпль, как я прочла позднее на ее молитвеннике, когда мне было однажды поручено нести его в церковь.;тонкие благородные черты|мраморную бледность|статную фигуру|движения, полные достоинства
178;Шарлотта Бронте;Джен Эйр;Почтой заведовала старушка в черных роговых очках и черных митенках.;старушка в черных роговых очках|черных митенках
179;Шарлотта Бронте;Джен Эйр;Когда я вошла, старая дама торопливо и радушно поднялась мне навстречу.;старая дама
180;Шарлотта Бронте;Джен Эйр;"Мне хотелось, чтобы у меня были румяные щеки, точеный нос и маленький алый ротик, хотелось быть высокой, стройной и хорошо сложенной; мне казалось большим несчастьем, что я такая маленькая, бледная, что черты у меня неправильные и резкие.";румяные щеки|точеный нос|маленький алый ротик|высокой|стройной и хорошо сложенной|маленькая|бледная|черты у меня неправильные и резкие
181;Шарлотта Бронте;Джен Эйр;И вот я причесалась как можно тщательнее, надела свое черное платье - увы, оно имело квакерский вид, но зато сидело прекрасно, - пришила новую белую манишку и решила, что у меня достаточно респектабельная внешность, чтобы предстать перед миссис Фэйрфакс, и что моя ученица по крайней мере не испугается меня. ;черное платье|оно имело квакерский вид, но зато сидело прекрасно|новую белую манишку|у меня достаточно респектабельная внешность
182;Шарлотта Бронте;Джен Эйр;"Я стала рассматривать свою воспитанницу, которая сначала, видимо, не заметила меня; она была совсем дитя, хрупкая, не старше семи-восьми лет; бледное, с мелкими чертами личико, и необыкновенно густые локоны, спадающие до пояса.";хрупкая|не старше семи-восьми лет|бледное, с мелкими чертами личико|необыкновенно густые локоны, спадающие до пояса
183;Шарлотта Бронте;Джен Эйр;У нее была невысокая коренастая фигура, рыжие волосы, грубое, простое лицо. ;невысокая коренастая фигура|рыжие волосы|грубое, простое лицо
184;Шарлотта Бронте;Джен Эйр;На нем был плащ для верховой езды с меховым воротником и стальными застежками.;На нем был плащ для верховой езды с меховым воротником и стальными застежками
185;Шарлотта Бронте;Джен Эйр;"Он остановился, окинув взглядом мою одежду, которая была, как всегда, очень проста: черный мериносовый плащ и черная касторовая шляпка; и то и другое не надела бы даже камеристка знатной дамы.";черный мериносовый плащ|черная касторовая шляпка
186;Шарлотта Бронте;Джен Эйр;"Вы очень смущены, мисс Эйр, и хотя вас нельзя назвать хорошенькой, так же как меня нельзя назвать красавцем, смущение вам идет; кроме того, оно отвлекает ваш взгляд от моей физиономии и заставляет вас рассматривать цветы на ковре; поэтому продолжайте смущаться.";хорошенькой|красавцем
187;Шарлотта Бронте;Джен Эйр;Ширина плеч не соответствовала росту.;Ширина плеч не соответствовала росту
188;Шарлотта Бронте;Джен Эйр;Он был также скрыт плащом, но на этот раз о мостовую звякнули шпоры, и под сводами подъезда проплыла черная мужская шляпа.;скрыт плащом|шпоры|черная мужская шляпа
189;Шарлотта Бронте;Джен Эйр;Ей очень шло белое кисейное платье с голубым кушаком.;Ей очень шло белое кисейное платье с голубым кушаком
190;Шарлотта Бронте;Джен Эйр;Вторая, Луиза, была выше и изящнее, с очень хорошеньким личиком.;выше и изящнее|с очень хорошеньким личиком
191;Шарлотта Бронте;Джен Эйр;"Леди Лин - крупная, рослая особа, лет сорока, в роскошном атласном платье ""шанжан"", с весьма надменным лицом - держалась очень прямо.";"крупная, рослая особа|лет сорока|в роскошном атласном платье ""шанжан""|с весьма надменным лицом"
192;Шарлотта Бронте;Джен Эйр;Ее волосы, оттененные голубым пером и убором из драгоценных камней, казались особенно темными.;волосы, оттененные голубым пером и убором из драгоценных камней
193;Шарлотта Бронте;Джен Эйр;Полковница Дэнт была менее эффектна, но, по-моему, гораздо более аристократична. ;менее эффектна|гораздо более аристократична
194;Шарлотта Бронте;Джен Эйр;У нее была стройная фигура, бледное нежное лицо и светлые волосы.;стройная фигура|бледное нежное лицо|светлые волосы
195;Шарлотта Бронте;Джен Эйр;Ее черное атласное платье, шарф из дорогих заграничных кружев и жемчужное ожерелье нравились мне больше, чем радужное великолепие титулованной гостьи.;черное атласное платье|шарф из дорогих заграничных кружев|жемчужное ожерелье
196;Шарлотта Бронте;Джен Эйр;Все три были статны и высоки ростом. ;статны и высоки ростом
197;Шарлотта Бронте;Джен Эйр;Ее стройная фигура отлично сохранилась.;стройная фигура отлично сохранилась
198;Шарлотта Бронте;Джен Эйр;"В черных волосах не было ни одной серебряной нити, - по крайней мере так казалось при свете свечей; зубы блистали нетронутой белизною. ";В черных волосах не было ни одной серебряной нити|зубы блистали нетронутой белизною
199;Шарлотта Бронте;Джен Эйр;У нее был римский нос и двойной подбородок, переходивший в полную шею.;У нее был римский нос|двойной подбородок| переходивший в полную шею
200;Шарлотта Бронте;Джен Эйр;Казалось, даже ее подбородок был как-то неестественно вздернут.;подбородок был как-то неестественно вздернут
201;Шарлотта Бронте;Джен Эйр;На ней было красное бархатное платье, а на голове тюрбан из индийского шелка, придававший ей, как она, вероятно, воображала, что-то царственное.;красное бархатное платье|на голове тюрбан из индийского шелка
202;Шарлотта Бронте;Джен Эйр;Бланш и Мери были одинакового роста, прямые и стройные, как два тополя. ;одинакового роста|прямые и стройные
203;Шарлотта Бронте;Джен Эйр;Мери казалась слишком худой, но Бланш была сложена, как Диана.;Мери казалась слишком худой|Бланш была сложена, как Диана
204;Шарлотта Бронте;Джен Эйр;Оказалось, что она в точности соответствует и нарисованному мной портрету и описанию миссис Фэйрфакс: прекрасный бюст, покатые плечи, грациозная шея, темные глаза и черные кудри.;прекрасный бюст|покатые плечи|грациозная шея|темные глаза|черные кудри
205;Шарлотта Бронте;Джен Эйр;Но черты ее лица явно напоминали материнские, с той разницей, что Бланш была молода: тот же низкий лоб, тот же надменный профиль, та же гордость. ;черты ее лица явно напоминали материнские|молода|низкий лоб|надменный профиль
206;Шарлотта Бронте;Джен Эйр;Лицо моего хозяина, бледное, смуглое, с угловатым массивным лбом, широкими, черными как смоль бровями, глубоким взглядом, резким профилем и решительным, суровым ртом - воплощение энергии, твердости и воли, - не могло считаться красивым, если иметь в виду обычные каноны красоты, но мне оно казалось более чем прекрасным, оно было для меня полно интереса и неодолимого очарования, оно лишало меня власти над моими чувствами и отдавало их во власть этого человека.;Лицо бледное, смуглое|с угловатым массивным лбом|широкими, черными как смоль бровями|глубоким взглядом, резким профилем|решительным, суровым ртом|прекрасным
207;Шарлотта Бронте;Джен Эйр;Цвет лица у него был необычно смуглый. ;Цвет лица у него был необычно смуглый
208;Шарлотта Бронте;Джен Эйр;И все же на первый взгляд он казался красивым мужчиной.;на первый взгляд он казался красивым мужчиной
209;Шарлотта Бронте;Джен Эйр;"Однако при ближайшем рассмотрении в его лице выступало что-то неприятное; черты у него были тонкие, но какие-то слишком вялые; глаза большие, пожалуй, красивые, но взгляд их был равнодушный, безучастный. ";в его лице выступало что-то неприятное|черты у него были тонкие, но какие-то слишком вялые|глаза большие, пожалуй, красивые|взгляд их был равнодушный, безучастный
210;Шарлотта Бронте;Джен Эйр;Этот красивый и довольно приятный джентльмен чем-то отталкивал от себя. ;красивый и довольно приятный джентльмен
211;Шарлотта Бронте;Джен Эйр;"В правильном овале его гладкого лица не ощущалось никакой силы; в очертаниях носа с горбинкой и маленького вишневого рта не было никакой твердости; от ровного низкого лба не веяло мыслью; в бездушных карих глазах не было ничего располагающего.";В правильном овале его гладкого лица не ощущалось никакой силы|в очертаниях носа с горбинкой и маленького вишневого рта не было никакой твердости|от ровного низкого лба не веяло мыслью|в бездушных карих глазах не было ничего располагающего
212;Шарлотта Бронте;Джен Эйр;Широкие поля ее шляпы затеняли часть лица, однако я увидела, когда она подняла голову, что лицо у нее очень странное: оно было какое-то и коричневое и черное. ;Широкие поля ее шляпы затеняли часть лица|лицо у нее очень странное: оно было какое-то и коричневое и черное
213;Шарлотта Бронте;Джен Эйр;Растрепанные космы волос торчали из-под белой повязки, завязанной под подбородком и закрывавшей массивную нижнюю челюсть.;Растрепанные космы волос торчали из-под белой повязки, завязанной под подбородком и закрывавшей массивную нижнюю челюсть
214;Шарлотта Бронте;Джен Эйр;"Она была необычайно эффектна в эту минуту; на ней было утреннее платье из небесно-голубого крепа; лазоревый шарф обвивал ее темные волосы. ";эффектна|утреннее платье из небесно-голубого крепа|лазоревый шарф обвивал ее темные волосы
215;Шарлотта Бронте;Джен Эйр;Эта девушка с сияющим личиком, румяными щеками и розовым ртом, с шелковистыми каштановыми волосами и карими глазами?;Эта девушка с сияющим личиком|румяными щеками|розовым ртом|с шелковистыми каштановыми волосами|карими глазами
216;Шарлотта Бронте;Джен Эйр;У меня зеленые глаза, читатель, но вы уж извините его за ошибку. ;У меня зеленые глаза
217;Шарлотта Бронте;Джен Эйр;"Но на нем было женское платье; масса черных седеющих волос, подобно спутанной гриве, закрывала лицо страшного существа.";женское платье|масса черных седеющих волос, подобно спутанной гриве, закрывала лицо страшного существа
218;Лев Толстой;Анна Каренина;Потом добрая и несколько жалкая улыбка показалась на его красивом лице.;добрая и несколько жалкая улыбка|красивом лице
219;Лев Толстой;Анна Каренина;Дарья Александровна, в кофточке и с пришпиленными на затылке косами уже редких, когда-то густых и прекрасных волос, с осунувшимся, худым лицом и большими, выдававшимися от худобы лица, испуганными глазами, стояла среди разбросанных по комнате вещей пред открытою шифоньеркой, из которой она выбирала что-то. ;в кофточке|с пришпиленными на затылке косами уже редких, когда-то густых и прекрасных волос|с осунувшимся, худым лицом|большими, выдававшимися от худобы лица, испуганными глазами
220;Лев Толстой;Анна Каренина;Лицо его расширилось, губы распухли, глаза налились слезами.;Лицо его расширилось|губы распухли|глаза налились слезами
221;Лев Толстой;Анна Каренина;Степана Аркадьича не только любили все знавшие его за его добрый, веселый нрав и несомненную честность, но в нем, в его красивой, светлой наружности, блестящих глазах, черных бровях, волосах, белизне и румянце лица, было что-то, физически действовавшее дружелюбно и весело на людей, встречавшихся с ним. ;добрый, веселый нрав и несомненную честность|красивой, светлой наружности|блестящих глазах|черных бровях|волосах|белизне и румянце лица
222;Лев Толстой;Анна Каренина;Этот самый, – сказал сторож, указывая на сильно сложенного широкоплечего человека с курчавою бородой, который, не снимая бараньей шапки, быстро и легко взбегал наверх по стертым ступенькам каменной лестницы.;сложенного широкоплечего человека с курчавою бородой|бараньей шапки
223;Лев Толстой;Анна Каренина;Один из сходивших вниз с портфелем худощавый чиновник, приостановившись, неодобрительно посмотрел на ноги бегущего и потом вопросительно взглянул на Облонского.;с портфелем худощавый чиновник
224;Лев Толстой;Анна Каренина;Добродушно сияющее лицо его из-за шитого воротника мундира просияло еще более, когда он узнал вбегавшего.;Добродушно сияющее лицо его из-за шитого воротника мундира просияло
225;Лев Толстой;Анна Каренина;Левин молчал, поглядывая на незнакомые ему лица двух товарищей Облонского и в особенности на руку элегантного Гриневича, с такими белыми тонкими пальцами, с такими длинными желтыми, загибавшимися в конце ногтями и такими огромными блестящими запонками на рубашке, что эти руки, видимо, поглощали все его внимание и не давали ему свободы мысли.;руку элегантного Гриневича, с такими белыми тонкими пальцами|с такими длинными желтыми, загибавшимися в конце ногтями|такими огромными блестящими запонками на рубашке
226;Лев Толстой;Анна Каренина;Маленький желтый человечек в очках, с узким лбом, на мгновение отвлекся от разговора, чтобы поздороваться, и продолжал речь, не обращая внимания на Левина.;Маленький желтый человечек в очках|с узким лбом
227;Лев Толстой;Анна Каренина;Сергей Иванович встретил брата своего обычною для всех ласково-холодною улыбкой и, познакомив его с профессором, продолжал разговор.;ласково-холодною улыбкой
228;Лев Толстой;Анна Каренина;Она была на угле и, тупо поставив узкие ножки в высоких ботинках, видимо робея, катилась к нему. ;тупо поставив узкие ножки в высоких ботинках
229;Лев Толстой;Анна Каренина;Отчаянно махавший руками и пригибавшийся к земле мальчик в русском платье обгонял ее.;Отчаянно махавший руками и пригибавшийся к земле мальчик в русском платье
230;Лев Толстой;Анна Каренина;Когда он думал о ней, он мог себе живо представить ее всю, в особенности прелесть этой, с выражением детской ясности и доброты, небольшой белокурой головки, так свободно поставленной на статных девичьих плечах. ;с выражением детской ясности и доброты, небольшой белокурой головки|свободно поставленной на статных девичьих плечах
231;Лев Толстой;Анна Каренина;Здесь сохранились предания, что вы лучший конькобежец, – сказала она, стряхивая маленькою ручкой в черной перчатке иглы инея, упавшие на муфту.;маленькою ручкой в черной перчатке|муфту
232;Лев Толстой;Анна Каренина;В это время Степан Аркадьич, со шляпой на боку, блестя лицом и глазами, веселым победителем входил в сад.;со шляпой на боку|блестя лицом и глазами
233;Лев Толстой;Анна Каренина;Но, подойдя к теще, он с грустным, виноватым лицом отвечал на ее вопросы о здоровье Долли. ;с грустным, виноватым лицом
234;Лев Толстой;Анна Каренина;Вся душа его была переполнена воспоминанием о Кити, и в глазах его светилась улыбка торжества и счастия.;в глазах его светилась улыбка торжества и счастия
235;Лев Толстой;Анна Каренина;И лицо его выражало серьезное недоумение.;лицо его выражало серьезное недоумение
236;Лев Толстой;Анна Каренина;Она подняла на Левина свои светлые правдивые глаза и, увидав его отчаянное лицо, поспешно ответила.;светлые правдивые глаза|отчаянное лицо
237;Лев Толстой;Анна Каренина;Вронский был невысокий, плотно сложенный брюнет, с добродушно-красивым, чрезвычайно спокойным и твердым лицом. ;невысокий|плотно сложенный брюнет|с добродушно-красивым, чрезвычайно спокойным и твердым лицом
238;Лев Толстой;Анна Каренина;В его лице и фигуре, от коротко обстриженных черных волос и свежевыбритого подбородка до широкого с иголочки нового мундира, все было просто и вместе изящно. ;коротко обстриженных черных волос|свежевыбритого подбородка|широкого с иголочки нового мундира
239;Лев Толстой;Анна Каренина;В то время как он подходил к ней, красивые глаза его особенно нежно заблестели, и с чуть заметною счастливою и скромно-торжествующею улыбкой (так показалось Левину), почтительно и осторожно наклонясь над нею, он протянул ей свою небольшую, но широкую руку.;красивые глаза|счастливою и скромно-торжествующею улыбкой|небольшую, но широкую руку
240;Лев Толстой;Анна Каренина;Эти милые влюбленные глаза!;милые влюбленные глаза
241;Лев Толстой;Анна Каренина;Мать его, сухая старушка с черными глазами и букольками, щурилась, вглядываясь в сына, и слегка улыбалась тонкими губами. ;сухая старушка с черными глазами и букольками|тонкими губами
242;Лев Толстой;Анна Каренина;Когда Анна вошла в комнату, Долли сидела в маленькой гостиной с белоголовым пухлым мальчиком, уж теперь похожим на отца, и слушала его урок из французского чтения.;белоголовым пухлым мальчиком
243;Лев Толстой;Анна Каренина;Мальчик читал, вертя в руке и стараясь оторвать чуть державшуюся пуговицу курточки. ;чуть державшуюся пуговицу курточки
244;Лев Толстой;Анна Каренина;Она пересела ближе к невестке и взяла ее руку своею энергическою маленькою рукой. ;энергическою маленькою рукой
245;Лев Толстой;Анна Каренина;Анна подняла сухую, худую руку Долли, поцеловала ее и сказала.;сухую, худую руку Долли
246;Лев Толстой;Анна Каренина;Безбородый юноша, один из тех светских юношей, которых старый князь Щербацкий называл тютьками , в чрезвычайно открытом жилете, оправляя на ходу белый галстук, поклонился им и, пробежав мимо, вернулся, приглашая Кити на кадриль.;Безбородый юноша|в чрезвычайно открытом жилете|оправляя на ходу белый галстук
247;Лев Толстой;Анна Каренина;Несмотря на то, что туалет, прическа и все приготовления к балу стоили Кити больших трудов и соображений, она теперь, в своем сложном тюлевом платье на розовом чехле, вступала на бал так свободно и просто, как будто все эти розетки, кружева, все подробности туалета не стоили ей и ее домашним ни минуты внимания, как будто она родилась в этом тюле, кружевах, с этою высокою прической, с розой и двумя листками наверху.;сложном тюлевом платье на розовом чехле|розетки, кружева|тюле, кружевах|с этою высокою прической
248;Лев Толстой;Анна Каренина;"Платье не теснило нигде, нигде не спускалась кружевная берта, розетки не смялись и не оторвались; розовые туфли на высоких выгнутых каблуках не жали, а веселили ножку. ";Платье не теснило нигде|розовые туфли на высоких выгнутых каблуках
249;Лев Толстой;Анна Каренина;Густые косы белокурых волос держались как свои на маленькой головке. ;Густые косы белокурых волос держались как свои на маленькой головке
250;Лев Толстой;Анна Каренина;Пуговицы все три застегнулись, не порвавшись, на высокой перчатке, которая обвила ее руку, не изменив ее формы.;Пуговицы все три застегнулись|на высокой перчатке|обвила ее руку, не изменив ее формы